question,type,intent
智能阿尔法涨跌预测在哪？,,oos
麦T宝,,oos
出现三把锁但股价处于历史高位，是否应该买入？,,oos
波段决策提示持仓但主力资金显示流出，应以哪个为准？,,oos
出现黄金坑但主力资金仅流入1日，是否满足买入条件？,,oos
敢死队资金大幅流入但股价未明显上涨的可能原因是什么？,,oos
主力资金连续多日流入但股价未涨，是否应继续持有？,,oos
绿锁出现但主力资金仍在流入，应该如何操作？,,oos
多空资金大幅流入但估值过高的操作建议？,,oos
出现三把锁但股价已涨停，是否应追高？,,oos
出现绿锁但资金仍在流入，是否应该继续持有？,,oos
小黄锁出现后是否建议切换至防御性板块？,,oos
小黄锁出现后是否建议缩短持仓周期？,,oos
波段决策信号在盘后固定前是否可能变动？,,oos
当涨停股出现波段决策空仓信号时是否应卖出？,,oos
波段决策导致多次卖飞牛股，如何解释？,,oos
为什么股票上涨但波段决策显示绿色或空仓？,,oos
如何通过三步战法分析股票的筹码分布变化？,,oos
如何通过波段决策识别主力洗盘行为？,,oos
如何通过三步战法判断股票的短期结构牛信号？,,oos
近期哪些板块的市场表现最为抢眼，未来是否还有上涨空间？,,oos
给出短线，适合进场的股票。主板方向,,oos
根据擒龙平台，推荐主板方向，适合进场的股票,,oos
今天适合入手的股票,,oos
推荐一个主板方向，适合入手的股票。根据指南针轮动战法,,oos
下个交易日上涨的股票推荐、今日可买入标的、带概率和操作建议,,oos
波段决策今天开仓股票,,oos
TOKEN背后透露哪些机会，哪些个股值得关注？,,oos
E T F基金T+0的有哪些,,oos
分析一下603881，今天是出货还是洗盘？,,oos
网速科技走势。如何,,oos
凯撒旅业，最近有什么利好消息,,oos
你好，我想把品屋食品，食品饮料一起中国平安还有品屋食品都换，换成600930华电性能行吗？,,oos
三月份的主线会是什么板块，只选三支股票投资，请将最优的选出来！,,oos
3支性价比高的液冷A股走势分析,,oos
金属钨慨念今天是不是资金流出了，是不是面要回调了,,oos
波段开仓，连阳三天,,oos
帮我分析一下上海电气这只股票今天及以后的走势,,oos
化工呢？溴，自己甲醇一类的,,oos
在指南针哪看筹码？用图说明,,oos
28日以色列与伊朗战争，资金避险，仓位如何应对？选股应该怎么选,,oos
哈空调600202周K线连续三周上行，代表什么意思？,,oos
大有能源，可以赤有吗,,oos
华胜天成后势走势如何？,,oos
加上这俩天美伊战争把选取的股票重新择优,,oos
帮我分析一下浪潮信息这个股票。今年有没有盈利，市值有多少？是不是今年的主线？,,oos
万和电气周线收上长影十字星，后期走势？,,oos
中国石化，洲际油气，这些累，的和美伊开战不能买吗？,,oos
美国和伊朗开战，利好哪些股票，业绩预增稳定增长的,,oos
我2月26日买入大笔600010股票，27日9.26分钟下单卖了，后来快涨停，后悔死了，请分析一下我这种情况要如何避免,,oos
请问现在重点关注那几个板块，资金流入那几个板块,,oos
兆易创新未来走势及操作策略,,oos
海光信息选股策略及未来走势,,oos
中芯国际近期走势及投资策略,,oos
鉴于目前国内国际形势，下周应重点关注的赛道，并筛选出几个短线etf标的,,oos
帮我分析一下我的持仓股符合下周的主线题材吗？那些可以卖出呢？,,oos
航天动力明涨跌幅分析，操作策略,,oos
海天味业明涨跌幅分析，能买吗？操作策略,,oos
2026年2月8日筛选涨停 高盛（中国）正量买入涨停突振幅破大于10总量对比前一天翻2.5倍增长外盘大于内盘突破30日线“量价健康→指标共振→热点验证→排除风险”四步法则。政策驱动，结合分时盘口与资金流向动态调整策略，符合上述条件的股 严格执行报代码,,oos
002774这只股票业绩怎么样主要做哪些行业，未来有多大上升空间,,oos
帮我找一只芯片的龙头股，可以长线投资那种,,oos
今日吉视传媒主力资金多空资金敢死队资金流入了吗？开始进场了吗？,,oos
推荐今日波段开仓，并结合多维度技术面参考的股票,,oos
根据目前市场情况，选出高增长赛道继续产业链分析，选出标的公司及其相关的ETF基金，评估风险点及选时操作策略（包含ETF基金）,,oos
胜蓝股份今天走势怎么样？股票可以好分批卖掉吗？,,oos
600986主力出货了吗？还是洗盘？,,oos
人民同泰是怎么了，有什么利空重大消息吗,,oos
昆剧周末国立国外的古诗行情请给出本周最合院的板块。,,oos
机器人概念股有哪些？都有什么特点,,oos
今天哪些股票会走强？请帮我选出一只底部资金，非常扎实，而且是热门板块，走势又慢慢上涨的股票,,oos
今天周一开盘有那些方向板块值得关注的，选出10支可建仓的标的,,oos
银河电子涨停原因，它属于哪个板块,,oos
Rsl数据在多少以上是超买有回调的风险,,oos
雅化集团的筹码密集度和集中度是不是在少数股东买入,,oos
帮我分析一下300682股票的基本面，发展空间,,oos
帮我分析一下300065的股票，还会继续下跌吗，基本面怎样，发展潜力如何,,oos
我要做超短线你给我一个策略,,oos
601137这支股票后面会有怎么样的走势？该公司的产品在市场中是否具有发展潜力？,,oos
帮我分析下中兴通信未来走势，今天大跌后是否能回升,,oos
"帮我分析海康威视未来走势，是否要获利轻仓

",,oos
前段时间航天发展股价涨了2倍，这段时间有回调，炒作这个股票的自己现在进了哪几只股票,,oos
怎么在分时上监测到超级主力,,oos
今日上龙虎榜的个股有那些,,oos
有主力潜伏吸筹的个股介绍一下,,oos
你是一个资深的股票分析师，请运用价值投资的理念，使用雪球大 V 的思考逻辑和思考框架，运用邱国鹭老师的投资理念。搜索最新的股票收盘价，对应这个收盘价，在 2026 年2月2日到5日之间，这只股票最容易翻一倍的那 5 只股票，帮我找出来。要求翻一倍的的股票的翻倍几率大于 85%。,,oos
怎么用指南针交易软件我到筹码峰,,oos
根据资金数据、还有消息面、政策面分析，浩通科技明天走势如何发展？,,oos
指南针，显示慧眼的说明在哪里可以找得到？,,oos
华天科技主要做什么的？今年营收如何,,oos
现在洲际油气的股价活跃度为正数91.538，是不是高度活跃,,oos
洛阳钼业今天主流入多嘛，能买吗,,oos
至少从6个维度面帮我推荐今日短线。可买股票,,oos
600769 分析下这个股票后期上涨趋势如何，依据是什么,,oos
600732未来走势和买卖点,,oos
002451未来走势和买入点,,oos
今天赣锋你也可以补仓吗？想做一人,,oos
南山铝业如何？高抛低吸,,oos
你至少6个维度的技术面帮我推荐今日短线。可买股票,,oos
航天智造怎么看，能介入吗？？,,oos
你是一个资深的股票分析师，请运用价值投资的理念，使用雪球大 V 的思考逻辑和思考框架，运用邱国鹭老师的投资理念。搜索最新的股票收盘价，对应这个收盘价，在 2026 年2月2日到5日之间，这只股票最容易翻一倍的那 5 只股票，帮我找出来。要求翻一倍的的股票的翻倍几率大于 85%。,,oos
帮我每天盘后做一个复盘bean根据指南针软件提供的数据。推荐出三个明天可以操作的龙头股票,,oos
"
            
            
                
                
                
                 方向：存储芯片+半导体概念 资金：北向+资本+基金+牛散重仓 资金：主力持续洗盘+抢筹事件：产品涨价+外围半导体大涨 业绩：25年利润翻倍技术：周线级别突破3年箱体压力+MACD红码飙升形态的右侧买点=红柱再次",,oos
2026年春节档电影受益哪些股票，在资金面，技术面分析一下买入时机,,oos
上周的热门概念，热门行业有哪些？且资金流入量较大，预测本周的热门概念和行业有哪些？,,oos
1月30号美国金价、银价大幅受挫， 2月2号开盘，美国金价、银价预计走势。,,oos
在A股做钢材贸易的公司有哪几家？龙头是谁？,,oos
002871走势，建仓？对比兄弟科技？,,oos
选出资金流入最多，基本面好盈利能力强，趋势向上突破，股性活跃，周一可买入的前五只股票,,oos
这周有哪方面的利多消息，有那些股票推荐,,oos
三步战法如何结合0Z指数分析市场整体情况？,,oos
如何结合资金龙虎榜和主力资金指标验证机构动向？,,oos
如何通过波段决策筛选当天出现买入信号的股票？,,oos
如何自定义主力资金流入阈值的预警提示？,,oos
如何结合筹码分布与多空资金判断买卖点？,,oos
三步战法如何结合“时空极限指标进行风险控制？,,oos
如何将波段决策信号导入自选股监控列表？,,oos
如何通过三步战法判断大盘的波段结构牛或短期结构牛？,,oos
波段决策在次新股中的适用性如何？,,oos
波段决策中的“股价活跃度指标如何配合使用？,,oos
如何通过波段决策判断突破有效性（如压力位）？,,oos
三步战法如何结合黄金坑指标捕捉抄底机会？,,oos
如何利用波段决策进行分批建仓/减仓？,,oos
如何利用三步战法判断主力资金与散户资金的博弈？,,oos
三步战法如何结合“敢死队资金指标进行短线操作？,,oos
多空资金与成交量指标如何配合使用？,,oos
如何利用主力资金指标识别主力对倒行为？,,oos
如何通过三步战法判断北上资金动向？,,oos
如何利用主力资金指标判断洗盘结束信号？,,oos
如何通过三步战法筛选高控盘筹码的优质股？,,oos
今天天气怎么样,,oos
这周末天气好吗？,,oos
你在干嘛？,,oos
我今天心情不好,,oos
你能陪我聊会儿吗？,,oos
人为什么要睡觉？,,oos
陪我写诗,,oos
给我讲个笑话,,oos
最近有什么好看的剧,,oos
我相册里的图怎样才能让你知道？,,oos
好的，谢谢,,oos
你真笨！,,oos
上海的别称,,oos
疯狂动物城2是上海电影承包吗,,oos
属狗的人在2026年的哪些时间容易发横财？,,oos
谢谢您的支持,,oos
不能投屏到大屏幕电视机上面看节目,,oos
PC是什么,,oos
把整个字体变大。,,oos
马可波罗,,oos
明天天气怎么样？,,oos
这个黑色的夜间屏幕怎么设置成白天？,,oos
给我讲个冷笑话,,oos
西部材料主要生产什么？它的产品在市场上有什么核心优势？,,oos
1月14日热点板块和优质标的？,,oos
600215今日下午是不是装的扫货？明天预计高开多少？,,oos
请问洛阳钼业今天为什么这样子调整，然后现在还可以买吗？,,oos
山东墨龙 挂单量以及后市如何判断,,oos
对我持仓股，分析明日投资机会,,oos
农心科技有没有利空消息，股票能否继续持有,,oos
目前持有光迅科技给出分析建议，明天走势如何,,oos
我的自选股有那些明天走强可以买的,,oos
光学光电子版块有哪些龙头公司,,oos
T0策略盈平是什么意思？怎样操作？,,oos
代码300855的股票未来可期？如何止盈止损,,oos
帮我分析一下中科创达的基本面和中央1号文件，还有成长方面有有没有优势？适合什么类型的持股？,,oos
"文笔续尾：
冬雪红梅春烟柳
万千风景皆逊色
此生幸得真知已
一一一一一一？",,oos
公司主营电网设备母线，是国内母线行业龙头之一，受益于输配电设备的需求，同时，公司与孛璞半导体合资成立公司。,,oos
帮我打开盘中监控功能中的回调补涨。,,oos
请将我的自选股属于哪些行业？给我分析一下,,oos
农心科技有没有利空消息，股票能否继续持有,,oos
老师好，请问老师300777与300699这两支个那一支业绩更优秀？,,oos
"加自选：
600459 贵研铂业
002383 合众思壮
600707 彩虹股份
600618 氯碱化工
600869远东股份
601519大智慧",,oos
近一个月内研报建议买入股票降序排名，只要00和60开头股票。,,oos
西测测试再涨几个点会触发异动规则,,oos
目前持有光迅科技给出分析建议，明天走势如何,,oos
筛选出有消息面刺激的有上涨概率大的股票,,oos
商业航天都有什么股票，下周走势建议个股,,oos
中天科技里面的股东张跃军这几天的资金进出情况,,oos
你好Al帮我分析一下上海贝岭未来出现金叉趋势往上走,,oos
你邦我看002413明天的走势是强还是强是不是像有些软件查出的续下跌十几个点？,,oos
旭升集团603305近三天的走势，主力的意途是什么，主力在出货的迹象吗,,oos
智能阿尔法选出3A，短线波段信号开仓的，今天,,oos
科大讯飞股票支撑位、压力位各是多少？未来5个交易日走势如何？今天是否适合买入？,,oos
600477是洗盘还是出货，明天走势如何,,oos
在北交所上市的股票，风险都特别大吗？是退市后又重新上市的吗。是不是质地都不太好,,oos
帮我分析一下卧龙电驱情况，持股是否需要减仓,,oos
恒生电子涨停的逻辑是啥?同类型的股票有哪些？,,oos
Ai金融概念股有那些与近期Ai板块中龙头,,oos
从四个维度分析青岛金马的走势并给出后续操作建议,,oos
根据今日上证指数及盘面上所有数据分析一下明天。资金会主力集中分布在哪些板块？,,oos
跃岭股份今天流出多少资金，明天的走势如何？,,oos
结合今日晚间新闻以及指南针提供的所有指数。明天哪个板块会走强？,,oos
分析化工新材料股里与商业航天及新能源相关的化工新材料公司并推荐,,oos
证通电子，省广集团，那个看涨趋势强,,oos
未来国家往哪几个方向发展？关键到哪几个方面的股票,,oos
帮我选一下子啊，诊股一里头那个四项能力叠加的股票呗。适合于短线开仓的。,,oos
该股票今天的走向如何？是否可以作为长期持有？,,oos
东方财富股票支撑位、压力位各是多少？未来5个交易日走势如何？今天是否适合买入？,,oos
 到目前为止，帮我分析一下整个A股市场，从基本面、消息面、资金面、长期投资发展方向。选出目前低估值的股票。,,oos
昨天A股上涨最多的。最强版怪,,oos
请分析一下中鼎股份近三个月股价，并预测未来股价走势，同时分析一下与逐际动力合资组建机器人公司情况，这一投资对中鼎股份股价未来走势有无实质影响？,,oos
从资金换手率等等多方面，预测一下山子高科明天的走势,,oos
用红三兵指标选股,,oos
603708，明日如何操作，主力资金还在么,,oos
航天动力，使用筹码峰分析一下后期走势,,oos
股价处于低估状态、未来上涨空间大的品种。,,oos
从今天的资金面消息面橘树苗分析一下，还有各个方面分析一下这个趋势分析一下这个蓝色光标。明天有可能会出现什么样的状况,,oos
分析一下600497，未来走势和投资策略,,oos
帮我分析一下责问连这支票。这个今天开盘,,oos
通宇通讯主力均价多少，还有多少下跌空间，今天主力会护盘吗,,oos
液冷龙头股是谁，哪个股票投资确定性高,,oos
歌尔股份。30左右能不能入手？未来趋势如何？,,oos
告知我这只股票持仓有哪些机构，并且告知这些机构的特点。,,oos
在分时图下方为什么会出潜夫吸筹是什么意思,,oos
利用擒龙平台，找出下周强势上涨的股票,,oos
分析长电科技，周一能不能买？合复热点，人气，筹码，趋势，高控盘能走强的指标吗？,,oos
300352近期的公告对后市股价的影响,,oos
请问老师，川仪股份未来走势如何？我现在被套5个点26.4元成本，后续我应该如何操作,,oos
用陈小群的情绪活力龙头战法帮我选一下现在可以买入的股票,,oos
楚江新材现在适合进吗？里面有没有主力资金,,oos
朱雀三号如果下次发射成功回收，​哪些股票可以大涨？​给出专业的分析,,oos
中重科技目前位置高不高？下周上涨空间大吗？,,oos
请从维科精密、未来电器、艾芬达、中生科技、广电电气这五支股票中，选出下周2支热门、有上涨空间的股票？,,oos
你是私募大佬章建平，请帮我查一下长鑫科技天气大股东,,oos
